2.3061000000e-10,1.0000000000e+00
2.3665000000e-10,1.0000000000e+00
2.4008000000e-10,1.0000000000e+00
2.3289000000e-10,1.0000000000e+00
2.4590000000e-10,1.0000000000e+00
2.4988000000e-10,1.0000000000e+00
2.5265000000e-10,1.0000000000e+00
2.5511000000e-10,1.0000000000e+00
2.5474000000e-10,1.0000000000e+00
2.6251000000e-10,1.0000000000e+00
2.6502000000e-10,1.0000000000e+00
2.6639000000e-10,1.0000000000e+00
2.7488000000e-10,1.0000000000e+00
2.7205000000e-10,1.0000000000e+00
2.7773000000e-10,1.0000000000e+00
2.8298000000e-10,1.0000000000e+00
2.8802000000e-10,1.0000000000e+00
2.9740000000e-10,1.0000000000e+00
2.9315000000e-10,1.0000000000e+00
7.6080000000e-11,1.0000000000e+00
5.7670000000e-11,1.0000000000e+00
3.0094000000e-10,1.0000000000e+00
3.0780000000e-10,1.0000000000e+00
5.2530000000e-11,1.0000000000e+00
3.5120000000e-11,1.0000000000e+00
4.4840000000e-11,1.0000000000e+00
3.0975000000e-10,1.0000000000e+00
3.8040000000e-11,1.0000000000e+00
3.0260000000e-11,1.0000000000e+00
2.7900000000e-12,1.0000000000e+00
3.1421000000e-10,1.0000000000e+00
6.0030000000e-11,1.0000000000e+00
3.1707000000e-10,1.0000000000e+00
2.1890000000e-10,1.0000000000e+00
5.2670000000e-11,1.0000000000e+00
5.2790000000e-11,1.0000000000e+00
3.2414000000e-10,1.0000000000e+00
5.2720000000e-11,1.0000000000e+00
6.2880000000e-11,1.0000000000e+00
4.6490000000e-11,1.0000000000e+00
4.8800000000e-11,1.0000000000e+00
5.8320000000e-11,1.0000000000e+00
6.2290000000e-11,1.0000000000e+00
5.6730000000e-11,1.0000000000e+00
4.2370000000e-11,1.0000000000e+00
4.8670000000e-11,1.0000000000e+00
6.0800000000e-12,1.0000000000e+00
9.0000000000e-14,1.0000000000e+00
4.0000000000e-13,1.0000000000e+00
3.9780000000e-11,1.1000000000e+00
5.1200000000e-11,1.1000000000e+00
3.8160000000e-11,1.1000000000e+00
2.5260000000e-11,1.1000000000e+00
2.6040000000e-11,1.1000000000e+00
2.7580000000e-11,1.1000000000e+00
2.7720000000e-11,1.1000000000e+00
9.9300000000e-12,1.1000000000e+00
6.4600000000e-12,1.1000000000e+00
1.5820000000e-11,1.1000000000e+00
1.4850000000e-11,1.1000000000e+00
1.6300000000e-12,1.1000000000e+00
1.0250000000e-11,1.1000000000e+00
3.4900000000e-12,1.1000000000e+00
1.5210000000e-11,1.1000000000e+00
3.4100000000e-12,1.1000000000e+00
1.1890000000e-11,1.1000000000e+00
1.0360000000e-11,1.1000000000e+00
1.5500000000e-12,1.1000000000e+00
1.4350000000e-11,1.1000000000e+00
1.7940000000e-11,1.1000000000e+00
2.8900000000e-12,1.1000000000e+00
2.2640000000e-11,1.1000000000e+00
3.1640000000e-11,1.1000000000e+00
2.9160000000e-11,1.1000000000e+00
3.0220000000e-11,1.1000000000e+00
2.3690000000e-11,1.1000000000e+00
3.6240000000e-11,1.1000000000e+00
3.7100000000e-11,1.1000000000e+00
2.9540000000e-11,1.1000000000e+00
2.7370000000e-11,1.1000000000e+00
3.6670000000e-11,1.1000000000e+00
4.3600000000e-11,1.1000000000e+00
3.9920000000e-11,1.1000000000e+00
2.8970000000e-11,1.1000000000e+00
4.1750000000e-11,1.1000000000e+00
4.3240000000e-11,1.1000000000e+00
1.4320000000e-11,1.1000000000e+00
1.4190000000e-11,1.1000000000e+00
4.7600000000e-12,1.1000000000e+00
4.9000000000e-12,1.1000000000e+00
1.3410000000e-11,1.1000000000e+00
2.8490000000e-11,1.1000000000e+00
1.4470000000e-11,1.1000000000e+00
8.5100000000e-12,1.1000000000e+00
9.9600000000e-12,1.1000000000e+00
2.3770000000e-11,1.1000000000e+00
1.3680000000e-11,1.1000000000e+00
8.5300000000e-12,1.1000000000e+00
1.1020000000e-11,1.1000000000e+00
2.0440000000e-11,1.1000000000e+00
1.8810000000e-11,1.2000000000e+00
1.3670000000e-11,1.2000000000e+00
1.2630000000e-11,1.2000000000e+00
1.4700000000e-11,1.2000000000e+00
2.2120000000e-11,1.2000000000e+00
9.4000000000e-12,1.2000000000e+00
7.1000000000e-12,1.2000000000e+00
1.3680000000e-11,1.2000000000e+00
1.9580000000e-11,1.2000000000e+00
1.8900000000e-11,1.2000000000e+00
8.8100000000e-12,1.2000000000e+00
1.5170000000e-11,1.2000000000e+00
1.6580000000e-11,1.2000000000e+00
1.7060000000e-11,1.2000000000e+00
6.4100000000e-12,1.2000000000e+00
7.0800000000e-12,1.2000000000e+00
1.6010000000e-11,1.2000000000e+00
2.2700000000e-11,1.2000000000e+00
1.0360000000e-11,1.2000000000e+00
5.4320000000e-11,1.2000000000e+00
4.6700000000e-12,1.2000000000e+00
3.3100000000e-11,1.2000000000e+00
2.3410000000e-11,1.2000000000e+00
3.6420000000e-11,1.2000000000e+00
3.9200000000e-11,1.2000000000e+00
2.9790000000e-11,1.2000000000e+00
1.7110000000e-11,1.2000000000e+00
2.1790000000e-11,1.2000000000e+00
2.3630000000e-11,1.2000000000e+00
2.7400000000e-11,1.2000000000e+00
7.5900000000e-12,1.2000000000e+00
1.0100000000e-12,1.2000000000e+00
1.0770000000e-11,1.2000000000e+00
8.3700000000e-12,1.2000000000e+00
3.1000000000e-13,1.2000000000e+00
9.0200000000e-12,1.2000000000e+00
4.3800000000e-12,1.2000000000e+00
5.7600000000e-12,1.2000000000e+00
7.3200000000e-12,1.2000000000e+00
1.0470000000e-11,1.2000000000e+00
8.0700000000e-12,1.2000000000e+00
1.2390000000e-11,1.2000000000e+00
9.9300000000e-12,1.2000000000e+00
1.0640000000e-11,1.2000000000e+00
1.9640000000e-11,1.2000000000e+00
3.5140000000e-11,1.2000000000e+00
2.3300000000e-11,1.2000000000e+00
2.1650000000e-11,1.2000000000e+00
3.5990000000e-11,1.2000000000e+00
4.8240000000e-11,1.2000000000e+00
4.4350000000e-11,1.2000000000e+00
3.7730000000e-11,1.3000000000e+00
4.1200000000e-11,1.3000000000e+00
5.3030000000e-11,1.3000000000e+00
5.5680000000e-11,1.3000000000e+00
4.0400000000e-12,1.3000000000e+00
1.6650000000e-11,1.3000000000e+00
2.6670000000e-11,1.3000000000e+00
5.8160000000e-11,1.3000000000e+00
5.3040000000e-11,1.3000000000e+00
4.3700000000e-11,1.3000000000e+00
4.4500000000e-11,1.3000000000e+00
4.5180000000e-11,1.3000000000e+00
4.4450000000e-11,1.3000000000e+00
7.7460000000e-11,1.3000000000e+00
3.2582000000e-10,1.3000000000e+00
8.5110000000e-11,1.3000000000e+00
8.6100000000e-11,1.3000000000e+00
2.4270000000e-11,1.3000000000e+00
1.4880000000e-11,1.3000000000e+00
7.9100000000e-12,1.3000000000e+00
1.7140000000e-11,1.3000000000e+00
6.5800000000e-12,1.3000000000e+00
3.5600000000e-12,1.3000000000e+00
4.4600000000e-12,1.3000000000e+00
1.9400000000e-12,1.3000000000e+00
7.9500000000e-12,1.3000000000e+00
2.3540000000e-11,1.3000000000e+00
4.1960000000e-11,1.3000000000e+00
2.9800000000e-11,1.3000000000e+00
3.5490000000e-11,1.3000000000e+00
4.7750000000e-11,1.3000000000e+00
6.2120000000e-11,1.3000000000e+00
6.2750000000e-11,1.3000000000e+00
6.8820000000e-11,1.3000000000e+00
7.1860000000e-11,1.3000000000e+00
3.3193000000e-10,1.3000000000e+00
9.6710000000e-11,1.3000000000e+00
3.2628000000e-10,1.3000000000e+00
3.1642000000e-10,1.3000000000e+00
3.1477000000e-10,1.3000000000e+00
3.1650000000e-10,1.3000000000e+00
3.1740000000e-10,1.3000000000e+00
3.1573000000e-10,1.3000000000e+00
3.2409000000e-10,1.3000000000e+00
5.6220000000e-11,1.3000000000e+00
7.0750000000e-11,1.3000000000e+00
7.0550000000e-11,1.3000000000e+00
5.8400000000e-11,1.3000000000e+00
5.2870000000e-11,1.3000000000e+00
6.6190000000e-11,1.3000000000e+00
1.1358000000e-10,1.3000000000e+00
6.0610000000e-11,1.4000000000e+00
4.7720000000e-11,1.4000000000e+00
5.2090000000e-11,1.4000000000e+00
6.2260000000e-11,1.4000000000e+00
8.4570000000e-11,1.4000000000e+00
5.1010000000e-11,1.4000000000e+00
6.4840000000e-11,1.4000000000e+00
7.4780000000e-11,1.4000000000e+00
8.0480000000e-11,1.4000000000e+00
6.8880000000e-11,1.4000000000e+00
6.3390000000e-11,1.4000000000e+00
7.8160000000e-11,1.4000000000e+00
7.4230000000e-11,1.4000000000e+00
7.8110000000e-11,1.4000000000e+00
6.0050000000e-11,1.4000000000e+00
6.5830000000e-11,1.4000000000e+00
7.7920000000e-11,1.4000000000e+00
7.3570000000e-11,1.4000000000e+00
6.2780000000e-11,1.4000000000e+00
7.5260000000e-11,1.4000000000e+00
7.5960000000e-11,1.4000000000e+00
6.4700000000e-11,1.4000000000e+00
6.8340000000e-11,1.4000000000e+00
7.3530000000e-11,1.4000000000e+00
6.7680000000e-11,1.4000000000e+00
6.2110000000e-11,1.4000000000e+00
7.3890000000e-11,1.4000000000e+00
3.1871000000e-10,1.4000000000e+00
7.8000000000e-11,1.4000000000e+00
6.6730000000e-11,1.4000000000e+00
6.9870000000e-11,1.4000000000e+00
8.0410000000e-11,1.4000000000e+00
8.8080000000e-11,1.4000000000e+00
7.7350000000e-11,1.4000000000e+00
6.2380000000e-11,1.4000000000e+00
8.1610000000e-11,1.4000000000e+00
8.7270000000e-11,1.4000000000e+00
8.3940000000e-11,1.4000000000e+00
7.7210000000e-11,1.4000000000e+00
8.3060000000e-11,1.4000000000e+00
3.1695000000e-10,1.4000000000e+00
9.3780000000e-11,1.4000000000e+00
8.0510000000e-11,1.4000000000e+00
8.5610000000e-11,1.4000000000e+00
3.1083000000e-10,1.4000000000e+00
3.1531000000e-10,1.4000000000e+00
3.1937000000e-10,1.4000000000e+00
5.3570000000e-11,1.4000000000e+00
4.2970000000e-11,1.4000000000e+00
4.3590000000e-11,1.4000000000e+00
3.1525000000e-10,1.5000000000e+00
3.1471000000e-10,1.5000000000e+00
3.0523000000e-10,1.5000000000e+00
3.0581000000e-10,1.5000000000e+00
6.6920000000e-11,1.5000000000e+00
6.5950000000e-11,1.5000000000e+00
6.5220000000e-11,1.5000000000e+00
2.5560000000e-11,1.5000000000e+00
2.2770000000e-11,1.5000000000e+00
2.9130000000e-11,1.5000000000e+00
2.6790000000e-11,1.5000000000e+00
1.6760000000e-11,1.5000000000e+00
1.1830000000e-11,1.5000000000e+00
2.1110000000e-11,1.5000000000e+00
2.7800000000e-11,1.5000000000e+00
1.4170000000e-11,1.5000000000e+00
2.3800000000e-12,1.5000000000e+00
8.2000000000e-12,1.5000000000e+00
1.7290000000e-11,1.5000000000e+00
1.5390000000e-11,1.5000000000e+00
4.4200000000e-12,1.5000000000e+00
1.2600000000e-12,1.5000000000e+00
6.1300000000e-12,1.5000000000e+00
2.5900000000e-12,1.5000000000e+00
8.8200000000e-12,1.5000000000e+00
1.2360000000e-11,1.5000000000e+00
5.0700000000e-12,1.5000000000e+00
7.8800000000e-12,1.5000000000e+00
6.9200000000e-12,1.5000000000e+00
2.5500000000e-11,1.5000000000e+00
2.6490000000e-11,1.5000000000e+00
1.8030000000e-11,1.5000000000e+00
3.4910000000e-11,1.5000000000e+00
4.8450000000e-11,1.5000000000e+00
4.7190000000e-11,1.5000000000e+00
4.1080000000e-11,1.5000000000e+00
6.2220000000e-11,1.5000000000e+00
6.2480000000e-11,1.5000000000e+00
2.8190000000e-11,1.5000000000e+00
6.6110000000e-11,1.5000000000e+00
6.7750000000e-11,1.5000000000e+00
8.0190000000e-11,1.5000000000e+00
2.9572000000e-10,1.5000000000e+00
2.8575000000e-10,1.5000000000e+00
2.8326000000e-10,1.5000000000e+00
2.7599000000e-10,1.5000000000e+00
2.7588000000e-10,1.5000000000e+00
2.7000000000e-10,1.5000000000e+00
2.6174000000e-10,1.5000000000e+00
2.5417000000e-10,1.5000000000e+00
2.5191000000e-10,1.5000000000e+00
2.4899000000e-10,1.6000000000e+00
2.3720000000e-10,1.6000000000e+00
2.4387000000e-10,1.6000000000e+00
3.1168000000e-10,1.6000000000e+00
3.2073000000e-10,1.6000000000e+00
6.1840000000e-11,1.6000000000e+00
5.9260000000e-11,1.6000000000e+00
6.3840000000e-11,1.6000000000e+00
3.0830000000e-10,1.6000000000e+00
7.6490000000e-11,1.6000000000e+00
7.5800000000e-11,1.6000000000e+00
7.2170000000e-11,1.6000000000e+00
3.0949000000e-10,1.6000000000e+00
3.1992000000e-10,1.6000000000e+00
3.1904000000e-10,1.6000000000e+00
3.1571000000e-10,1.6000000000e+00
3.1652000000e-10,1.6000000000e+00
3.2088000000e-10,1.6000000000e+00
2.4540000000e-10,1.6000000000e+00
2.3003000000e-10,1.6000000000e+00
3.1316000000e-10,1.6000000000e+00
3.1948000000e-10,1.6000000000e+00
3.1573000000e-10,1.6000000000e+00
3.0671000000e-10,1.6000000000e+00
3.0092000000e-10,1.6000000000e+00
2.9531000000e-10,1.6000000000e+00
2.8410000000e-10,1.6000000000e+00
2.7781000000e-10,1.6000000000e+00
2.5548000000e-10,1.6000000000e+00
2.4258000000e-10,1.6000000000e+00
2.3071000000e-10,1.6000000000e+00
3.1520000000e-10,1.6000000000e+00
3.0702000000e-10,1.6000000000e+00
3.1264000000e-10,1.6000000000e+00
3.1720000000e-10,1.6000000000e+00
3.1434000000e-10,1.6000000000e+00
3.0963000000e-10,1.6000000000e+00
2.4719000000e-10,1.6000000000e+00
2.4374000000e-10,1.6000000000e+00
3.2105000000e-10,1.6000000000e+00
3.1150000000e-10,1.6000000000e+00
3.0259000000e-10,1.6000000000e+00
3.0059000000e-10,1.6000000000e+00
2.8971000000e-10,1.6000000000e+00
2.7644000000e-10,1.6000000000e+00
2.5633000000e-10,1.6000000000e+00
2.5453000000e-10,1.6000000000e+00
2.4238000000e-10,1.6000000000e+00
2.3557000000e-10,1.6000000000e+00
2.1780000000e-10,1.6000000000e+00
2.2185000000e-10,1.6000000000e+00
2.1029000000e-10,1.7000000000e+00
2.0413000000e-10,1.7000000000e+00
1.9630000000e-10,1.7000000000e+00
1.9039000000e-10,1.7000000000e+00
1.8945000000e-10,1.7000000000e+00
1.7909000000e-10,1.7000000000e+00
1.9985000000e-10,1.7000000000e+00
2.4827000000e-10,1.7000000000e+00
2.5080000000e-10,1.7000000000e+00
2.4095000000e-10,1.7000000000e+00
1.4028000000e-10,1.7000000000e+00
1.2967000000e-10,1.7000000000e+00
1.2254000000e-10,1.7000000000e+00
1.2012000000e-10,1.7000000000e+00
4.2350000000e-11,1.7000000000e+00
2.2650000000e-11,1.7000000000e+00
2.8210000000e-11,1.7000000000e+00
1.3400000000e-11,1.7000000000e+00
2.3700000000e-11,1.7000000000e+00
2.5090000000e-11,1.7000000000e+00
2.5210000000e-11,1.7000000000e+00
1.6430000000e-11,1.7000000000e+00
1.8650000000e-11,1.7000000000e+00
2.0200000000e-11,1.7000000000e+00
2.5650000000e-11,1.7000000000e+00
4.9600000000e-12,1.7000000000e+00
7.8300000000e-12,1.7000000000e+00
1.8690000000e-11,1.7000000000e+00
2.1060000000e-11,1.7000000000e+00
2.5750000000e-11,1.7000000000e+00
2.9180000000e-11,1.7000000000e+00
7.8100000000e-12,1.7000000000e+00
2.2060000000e-11,1.7000000000e+00
1.4120000000e-11,1.7000000000e+00
9.6500000000e-12,1.7000000000e+00
1.1670000000e-11,1.7000000000e+00
1.3890000000e-11,1.7000000000e+00
1.1230000000e-11,1.7000000000e+00
3.7180000000e-11,1.7000000000e+00
3.4170000000e-11,1.7000000000e+00
3.1710000000e-11,1.7000000000e+00
3.5800000000e-12,1.7000000000e+00
4.5100000000e-12,1.7000000000e+00
1.4510000000e-11,1.7000000000e+00
6.2500000000e-12,1.7000000000e+00
2.5590000000e-11,1.7000000000e+00
3.8720000000e-11,1.7000000000e+00
3.1380000000e-11,1.7000000000e+00
8.8800000000e-12,1.7000000000e+00
7.2900000000e-12,1.7000000000e+00
1.5130000000e-11,1.7000000000e+00
3.3500000000e-11,1.8000000000e+00
3.3290000000e-11,1.8000000000e+00
2.5880000000e-11,1.8000000000e+00
3.1680000000e-11,1.8000000000e+00
1.7000000000e-12,1.8000000000e+00
9.0000000000e-14,1.8000000000e+00
6.4700000000e-12,1.8000000000e+00
4.4270000000e-11,1.8000000000e+00
4.8950000000e-11,1.8000000000e+00
5.0190000000e-11,1.8000000000e+00
5.2130000000e-11,1.8000000000e+00
4.3950000000e-11,1.8000000000e+00
8.3610000000e-11,1.8000000000e+00
7.9340000000e-11,1.8000000000e+00
8.0290000000e-11,1.8000000000e+00
3.1640000000e-11,1.8000000000e+00
1.3130000000e-11,1.8000000000e+00
2.2500000000e-11,1.8000000000e+00
1.4200000000e-11,1.8000000000e+00
7.2100000000e-12,1.8000000000e+00
5.0900000000e-12,1.8000000000e+00
9.4500000000e-12,1.8000000000e+00
6.1300000000e-12,1.8000000000e+00
1.9640000000e-11,1.8000000000e+00
3.9520000000e-11,1.8000000000e+00
3.0410000000e-11,1.8000000000e+00
4.5720000000e-11,1.8000000000e+00
4.6110000000e-11,1.8000000000e+00
6.3080000000e-11,1.8000000000e+00
3.2438000000e-10,1.8000000000e+00
5.2780000000e-11,1.8000000000e+00
7.7470000000e-11,1.8000000000e+00
7.1530000000e-11,1.8000000000e+00
3.1512000000e-10,1.8000000000e+00
9.2800000000e-11,1.8000000000e+00
8.1440000000e-11,1.8000000000e+00
3.1641000000e-10,1.8000000000e+00
3.1274000000e-10,1.8000000000e+00
6.6520000000e-11,1.8000000000e+00
7.1680000000e-11,1.8000000000e+00
7.0080000000e-11,1.8000000000e+00
5.7020000000e-11,1.8000000000e+00
5.3800000000e-11,1.8000000000e+00
5.5340000000e-11,1.8000000000e+00
8.4470000000e-11,1.8000000000e+00
5.2650000000e-11,1.8000000000e+00
5.8270000000e-11,1.8000000000e+00
6.4750000000e-11,1.8000000000e+00
6.4940000000e-11,1.8000000000e+00
5.9410000000e-11,1.8000000000e+00
3.1406000000e-10,1.8000000000e+00
3.1304000000e-10,1.9000000000e+00
3.1087000000e-10,1.9000000000e+00
3.0348000000e-10,1.9000000000e+00
3.0440000000e-10,1.9000000000e+00
2.6150000000e-11,1.9000000000e+00
3.9100000000e-11,1.9000000000e+00
3.7530000000e-11,1.9000000000e+00
2.9470000000e-11,1.9000000000e+00
1.9430000000e-11,1.9000000000e+00
2.2780000000e-11,1.9000000000e+00
3.2020000000e-11,1.9000000000e+00
2.2090000000e-11,1.9000000000e+00
8.8100000000e-12,1.9000000000e+00
2.4000000000e-12,1.9000000000e+00
1.3110000000e-11,1.9000000000e+00
1.7900000000e-11,1.9000000000e+00
2.0000000000e-12,1.9000000000e+00
1.2290000000e-11,1.9000000000e+00
8.0700000000e-12,1.9000000000e+00
6.6000000000e-13,1.9000000000e+00
2.7000000000e-12,1.9000000000e+00
2.7970000000e-11,1.9000000000e+00
2.8460000000e-11,1.9000000000e+00
2.5130000000e-11,1.9000000000e+00
3.2770000000e-11,1.9000000000e+00
4.4930000000e-11,1.9000000000e+00
5.0890000000e-11,1.9000000000e+00
4.5680000000e-11,1.9000000000e+00
2.0240000000e-11,1.9000000000e+00
6.0020000000e-11,1.9000000000e+00
5.4870000000e-11,1.9000000000e+00
7.1110000000e-11,1.9000000000e+00
6.7930000000e-11,1.9000000000e+00
3.0467000000e-10,1.9000000000e+00
2.6574000000e-10,1.9000000000e+00
2.6999000000e-10,1.9000000000e+00
2.5540000000e-10,1.9000000000e+00
2.6046000000e-10,1.9000000000e+00
2.6228000000e-10,1.9000000000e+00
2.6002000000e-10,1.9000000000e+00
2.6409000000e-10,1.9000000000e+00
2.6372000000e-10,1.9000000000e+00
2.6085000000e-10,1.9000000000e+00
2.6853000000e-10,1.9000000000e+00
2.6431000000e-10,1.9000000000e+00
2.7624000000e-10,1.9000000000e+00
2.6082000000e-10,1.9000000000e+00
2.6949000000e-10,1.9000000000e+00
2.7664000000e-10,1.9000000000e+00
1.3920000000e-11,1.9000000000e+00
1.7020000000e-11,2.0000000000e+00
1.1620000000e-11,2.0000000000e+00
6.5000000000e-12,2.0000000000e+00
1.4980000000e-11,2.0000000000e+00
2.3620000000e-11,2.0000000000e+00
1.7290000000e-11,2.0000000000e+00
9.6200000000e-12,2.0000000000e+00
1.4170000000e-11,2.0000000000e+00
2.3060000000e-11,2.0000000000e+00
2.7210000000e-11,2.0000000000e+00
1.7700000000e-11,2.0000000000e+00
2.2580000000e-11,2.0000000000e+00
3.2500000000e-10,2.0000000000e+00
7.8620000000e-11,2.0000000000e+00
7.5380000000e-11,2.0000000000e+00
5.8220000000e-11,2.0000000000e+00
5.2710000000e-11,2.0000000000e+00
6.6420000000e-11,2.0000000000e+00
7.4930000000e-11,2.0000000000e+00
7.6490000000e-11,2.0000000000e+00
4.4800000000e-11,2.0000000000e+00
5.3490000000e-11,2.0000000000e+00
5.5430000000e-11,2.0000000000e+00
5.9730000000e-11,2.0000000000e+00
5.1230000000e-11,2.0000000000e+00
5.9010000000e-11,2.0000000000e+00
7.4530000000e-11,2.0000000000e+00
7.2790000000e-11,2.0000000000e+00
3.0466000000e-10,2.0000000000e+00
3.1618000000e-10,2.0000000000e+00
3.1571000000e-10,2.0000000000e+00
3.0669000000e-10,2.0000000000e+00
3.0667000000e-10,2.0000000000e+00
3.1374000000e-10,2.0000000000e+00
8.3140000000e-11,2.0000000000e+00
9.1140000000e-11,2.0000000000e+00
8.9670000000e-11,2.0000000000e+00
3.1995000000e-10,2.0000000000e+00
9.2650000000e-11,2.0000000000e+00
8.1430000000e-11,2.0000000000e+00
6.9470000000e-11,2.0000000000e+00
3.1649000000e-10,2.0000000000e+00
3.1966000000e-10,2.0000000000e+00
9.6740000000e-11,2.0000000000e+00
8.5660000000e-11,2.0000000000e+00
9.5040000000e-11,2.0000000000e+00
3.2536000000e-10,2.0000000000e+00
8.5600000000e-11,2.0000000000e+00
6.9060000000e-11,2.0000000000e+00
6.7340000000e-11,2.0000000000e+00
8.6170000000e-11,2.1000000000e+00
7.6840000000e-11,2.1000000000e+00
6.5930000000e-11,2.1000000000e+00
5.6060000000e-11,2.1000000000e+00
3.1728000000e-10,2.1000000000e+00
3.3080000000e-10,2.1000000000e+00
6.7320000000e-11,2.1000000000e+00
4.9630000000e-11,2.1000000000e+00
5.2330000000e-11,2.1000000000e+00
4.8840000000e-11,2.1000000000e+00
3.9810000000e-11,2.1000000000e+00
2.8430000000e-11,2.1000000000e+00
2.7790000000e-11,2.1000000000e+00
2.3140000000e-11,2.1000000000e+00
1.4580000000e-11,2.1000000000e+00
4.0800000000e-12,2.1000000000e+00
2.9000000000e-13,2.1000000000e+00
1.1180000000e-11,2.1000000000e+00
5.2800000000e-12,2.1000000000e+00
7.7100000000e-12,2.1000000000e+00
1.1030000000e-11,2.1000000000e+00
9.0400000000e-12,2.1000000000e+00
5.4400000000e-12,2.1000000000e+00
1.2520000000e-11,2.1000000000e+00
2.7180000000e-11,2.1000000000e+00
2.4230000000e-11,2.1000000000e+00
3.1808000000e-10,2.1000000000e+00
9.8510000000e-11,2.1000000000e+00
8.2780000000e-11,2.1000000000e+00
8.0700000000e-11,2.1000000000e+00
3.1684000000e-10,2.1000000000e+00
3.1988000000e-10,2.1000000000e+00
7.5370000000e-11,2.1000000000e+00
6.9460000000e-11,2.1000000000e+00
7.1910000000e-11,2.1000000000e+00
7.6080000000e-11,2.1000000000e+00
6.6320000000e-11,2.1000000000e+00
7.1360000000e-11,2.1000000000e+00
7.4690000000e-11,2.1000000000e+00
3.1856000000e-10,2.1000000000e+00
3.2233000000e-10,2.1000000000e+00
3.3140000000e-11,2.1000000000e+00
2.5100000000e-11,2.1000000000e+00
1.2560000000e-11,2.1000000000e+00
1.1050000000e-11,2.1000000000e+00
1.8890000000e-11,2.1000000000e+00
1.0950000000e-11,2.1000000000e+00
5.5100000000e-12,2.1000000000e+00
3.6690000000e-11,2.1000000000e+00
4.9140000000e-11,2.1000000000e+00
5.4570000000e-11,2.1000000000e+00
6.2850000000e-11,2.2000000000e+00
3.2125000000e-10,2.2000000000e+00
7.0550000000e-11,2.2000000000e+00
6.1110000000e-11,2.2000000000e+00
7.3750000000e-11,2.2000000000e+00
3.1896000000e-10,2.2000000000e+00
3.1986000000e-10,2.2000000000e+00
7.3670000000e-11,2.2000000000e+00
3.1327000000e-10,2.2000000000e+00
3.1286000000e-10,2.2000000000e+00
3.0924000000e-10,2.2000000000e+00
7.0680000000e-11,2.2000000000e+00
6.5560000000e-11,2.2000000000e+00
5.6230000000e-11,2.2000000000e+00
5.6580000000e-11,2.2000000000e+00
7.3540000000e-11,2.2000000000e+00
7.5960000000e-11,2.2000000000e+00
9.2020000000e-11,2.2000000000e+00
3.6640000000e-11,2.2000000000e+00
3.2407000000e-10,2.2000000000e+00
3.7050000000e-11,2.2000000000e+00
6.3150000000e-11,2.2000000000e+00
8.2300000000e-12,2.2000000000e+00
2.1000000000e-12,2.2000000000e+00
9.2100000000e-12,2.2000000000e+00
1.3240000000e-11,2.2000000000e+00
3.1930000000e-11,2.2000000000e+00
3.1668000000e-10,2.2000000000e+00
7.4820000000e-11,2.2000000000e+00
7.4530000000e-11,2.2000000000e+00
2.9155000000e-10,2.2000000000e+00
2.7354000000e-10,2.2000000000e+00
2.5122000000e-10,2.2000000000e+00
2.5188000000e-10,2.2000000000e+00
2.3552000000e-10,2.2000000000e+00
3.1245000000e-10,2.2000000000e+00
3.1055000000e-10,2.2000000000e+00
9.4790000000e-11,2.2000000000e+00
3.1440000000e-10,2.2000000000e+00
2.4907000000e-10,2.2000000000e+00
3.2428000000e-10,2.2000000000e+00
3.1612000000e-10,2.2000000000e+00
3.1124000000e-10,2.2000000000e+00
3.1673000000e-10,2.2000000000e+00
3.0080000000e-10,2.2000000000e+00
2.9972000000e-10,2.2000000000e+00
2.7247000000e-10,2.2000000000e+00
2.4596000000e-10,2.2000000000e+00
2.3636000000e-10,2.2000000000e+00
2.4687000000e-10,2.2000000000e+00
3.0801000000e-10,2.2000000000e+00
3.2229000000e-10,2.3000000000e+00
3.1448000000e-10,2.3000000000e+00
3.2046000000e-10,2.3000000000e+00
3.1561000000e-10,2.3000000000e+00
2.4694000000e-10,2.3000000000e+00
2.1979000000e-10,2.3000000000e+00
3.1216000000e-10,2.3000000000e+00
2.2536000000e-10,2.3000000000e+00
2.1436000000e-10,2.3000000000e+00
2.0600000000e-10,2.3000000000e+00
1.2861000000e-10,2.3000000000e+00
1.0491000000e-10,2.3000000000e+00
1.0727000000e-10,2.3000000000e+00
1.8569000000e-10,2.3000000000e+00
1.6682000000e-10,2.3000000000e+00
6.6610000000e-11,2.3000000000e+00
4.6270000000e-11,2.3000000000e+00
3.7890000000e-11,2.3000000000e+00
3.9810000000e-11,2.3000000000e+00
9.3700000000e-12,2.3000000000e+00
3.3900000000e-12,2.3000000000e+00
6.0000000000e-12,2.3000000000e+00
9.6500000000e-12,2.3000000000e+00
2.1520000000e-11,2.3000000000e+00
2.4070000000e-11,2.3000000000e+00
2.4540000000e-11,2.3000000000e+00
2.1580000000e-11,2.3000000000e+00
1.9030000000e-11,2.3000000000e+00
2.1380000000e-11,2.3000000000e+00
2.7650000000e-11,2.3000000000e+00
3.0040000000e-11,2.3000000000e+00
6.6110000000e-11,2.3000000000e+00
1.5470000000e-11,2.3000000000e+00
2.2510000000e-11,2.3000000000e+00
1.5430000000e-11,2.3000000000e+00
2.7176000000e-10,2.3000000000e+00
2.0780000000e-11,2.3000000000e+00
2.6960000000e-11,2.3000000000e+00
2.8040000000e-11,2.3000000000e+00
1.5710000000e-11,2.3000000000e+00
2.0900000000e-11,2.3000000000e+00
2.3720000000e-11,2.3000000000e+00
1.8300000000e-11,2.3000000000e+00
1.9910000000e-11,2.3000000000e+00
6.7300000000e-12,2.3000000000e+00
1.4760000000e-11,2.3000000000e+00
3.3510000000e-11,2.3000000000e+00
1.6900000000e-11,2.3000000000e+00
2.5930000000e-11,2.3000000000e+00
2.8450000000e-11,2.3000000000e+00
2.0150000000e-11,2.3000000000e+00
2.2000000000e-13,2.4000000000e+00
2.7200000000e-12,2.4000000000e+00
1.8190000000e-11,2.4000000000e+00
6.8000000000e-12,2.4000000000e+00
1.1430000000e-11,2.4000000000e+00
2.2800000000e-11,2.4000000000e+00
2.4200000000e-12,2.4000000000e+00
3.0600000000e-12,2.4000000000e+00
5.3300000000e-12,2.4000000000e+00
7.7600000000e-12,2.4000000000e+00
1.7130000000e-11,2.4000000000e+00
1.7550000000e-11,2.4000000000e+00
1.2420000000e-11,2.4000000000e+00
1.6030000000e-11,2.4000000000e+00
3.1100000000e-11,2.4000000000e+00
3.8210000000e-11,2.4000000000e+00
3.8600000000e-11,2.4000000000e+00
2.4290000000e-11,2.4000000000e+00
4.4440000000e-11,2.4000000000e+00
4.0400000000e-12,2.4000000000e+00
4.0000000000e-13,2.4000000000e+00
6.0440000000e-11,2.4000000000e+00
4.7450000000e-11,2.4000000000e+00
5.4720000000e-11,2.4000000000e+00
5.5230000000e-11,2.4000000000e+00
5.8390000000e-11,2.4000000000e+00
3.6780000000e-11,2.4000000000e+00
6.7210000000e-11,2.4000000000e+00
6.6970000000e-11,2.4000000000e+00
7.7900000000e-11,2.4000000000e+00
3.1890000000e-10,2.4000000000e+00
3.1786000000e-10,2.4000000000e+00
2.4290000000e-11,2.4000000000e+00
2.3740000000e-11,2.4000000000e+00
8.7600000000e-12,2.4000000000e+00
8.6700000000e-12,2.4000000000e+00
2.5800000000e-12,2.4000000000e+00
5.0500000000e-12,2.4000000000e+00
1.4470000000e-11,2.4000000000e+00
2.8610000000e-11,2.4000000000e+00
2.6720000000e-11,2.4000000000e+00
3.1920000000e-11,2.4000000000e+00
3.7110000000e-11,2.4000000000e+00
5.8690000000e-11,2.4000000000e+00
6.8720000000e-11,2.4000000000e+00
6.6000000000e-11,2.4000000000e+00
7.7990000000e-11,2.4000000000e+00
1.4471000000e-10,2.4000000000e+00
9.9240000000e-11,2.4000000000e+00
9.7840000000e-11,2.4000000000e+00
1.0807000000e-10,2.4000000000e+00
3.0633000000e-10,2.5000000000e+00
2.0452000000e-10,2.5000000000e+00
1.0520000000e-11,2.5000000000e+00
3.6500000000e-12,2.5000000000e+00
3.0600000000e-12,2.5000000000e+00
5.1100000000e-12,2.5000000000e+00
1.9950000000e-11,2.5000000000e+00
3.7590000000e-11,2.5000000000e+00
4.7780000000e-11,2.5000000000e+00
5.1010000000e-11,2.5000000000e+00
5.7790000000e-11,2.5000000000e+00
8.1710000000e-11,2.5000000000e+00
8.2570000000e-11,2.5000000000e+00
9.3300000000e-11,2.5000000000e+00
1.0008000000e-10,2.5000000000e+00
3.1154000000e-10,2.5000000000e+00
5.6910000000e-11,2.5000000000e+00
6.3710000000e-11,2.5000000000e+00
6.4070000000e-11,2.5000000000e+00
4.9610000000e-11,2.5000000000e+00
4.5240000000e-11,2.5000000000e+00
6.3930000000e-11,2.5000000000e+00
8.2090000000e-11,2.5000000000e+00
5.4220000000e-11,2.5000000000e+00
3.1556000000e-10,2.5000000000e+00
3.1620000000e-10,2.5000000000e+00
5.7950000000e-11,2.5000000000e+00
2.1280000000e-11,2.5000000000e+00
3.8000000000e-13,2.5000000000e+00
1.6050000000e-11,2.5000000000e+00
2.0540000000e-11,2.5000000000e+00
3.8680000000e-11,2.5000000000e+00
5.4960000000e-11,2.5000000000e+00
3.1684000000e-10,2.5000000000e+00
1.6440000000e-11,2.5000000000e+00
3.6680000000e-11,2.5000000000e+00
4.6140000000e-11,2.5000000000e+00
6.8970000000e-11,2.5000000000e+00
2.9902000000e-10,2.5000000000e+00
2.8909000000e-10,2.5000000000e+00
2.6412000000e-10,2.5000000000e+00
2.4690000000e-10,2.5000000000e+00
2.3682000000e-10,2.5000000000e+00
2.8909000000e-10,2.5000000000e+00
3.0263000000e-10,2.5000000000e+00
2.5791000000e-10,2.5000000000e+00
2.3445000000e-10,2.5000000000e+00
5.5350000000e-11,2.5000000000e+00
3.0727000000e-10,2.5000000000e+00
5.9720000000e-11,2.5000000000e+00
3.1785000000e-10,2.6000000000e+00
2.4766000000e-10,2.6000000000e+00
2.3646000000e-10,2.6000000000e+00
3.2307000000e-10,2.6000000000e+00
2.4433000000e-10,2.6000000000e+00
3.1212000000e-10,2.6000000000e+00
2.8446000000e-10,2.6000000000e+00
2.7266000000e-10,2.6000000000e+00
2.5032000000e-10,2.6000000000e+00
2.3704000000e-10,2.6000000000e+00
3.1718000000e-10,2.6000000000e+00
3.2139000000e-10,2.6000000000e+00
3.1945000000e-10,2.6000000000e+00
2.6496000000e-10,2.6000000000e+00
2.6652000000e-10,2.6000000000e+00
2.3505000000e-10,2.6000000000e+00
3.2777000000e-10,2.6000000000e+00
3.1441000000e-10,2.6000000000e+00
3.2125000000e-10,2.6000000000e+00
3.2370000000e-10,2.6000000000e+00
3.2256000000e-10,2.6000000000e+00
3.2048000000e-10,2.6000000000e+00
3.1099000000e-10,2.6000000000e+00
2.9807000000e-10,2.6000000000e+00
2.8534000000e-10,2.6000000000e+00
2.7348000000e-10,2.6000000000e+00
2.5169000000e-10,2.6000000000e+00
2.4211000000e-10,2.6000000000e+00
2.2607000000e-10,2.6000000000e+00
2.2055000000e-10,2.6000000000e+00
2.0823000000e-10,2.6000000000e+00
1.9447000000e-10,2.6000000000e+00
1.8409000000e-10,2.6000000000e+00
1.8708000000e-10,2.6000000000e+00
1.7761000000e-10,2.6000000000e+00
2.4433000000e-10,2.6000000000e+00
2.4537000000e-10,2.6000000000e+00
1.3893000000e-10,2.6000000000e+00
1.3269000000e-10,2.6000000000e+00
1.1677000000e-10,2.6000000000e+00
1.0343000000e-10,2.6000000000e+00
1.9019000000e-10,2.6000000000e+00
1.8652000000e-10,2.6000000000e+00
1.8058000000e-10,2.6000000000e+00
5.6630000000e-11,2.6000000000e+00
5.6800000000e-11,2.6000000000e+00
4.1050000000e-11,2.6000000000e+00
3.2290000000e-11,2.6000000000e+00
2.8790000000e-11,2.6000000000e+00
1.2280000000e-11,2.6000000000e+00
2.7700000000e-12,2.6000000000e+00
9.0000000000e-13,2.7000000000e+00
9.3900000000e-12,2.7000000000e+00
8.9300000000e-12,2.7000000000e+00
2.2980000000e-11,2.7000000000e+00
2.6990000000e-11,2.7000000000e+00
2.1820000000e-11,2.7000000000e+00
2.3290000000e-11,2.7000000000e+00
2.8250000000e-11,2.7000000000e+00
2.3900000000e-11,2.7000000000e+00
1.8900000000e-11,2.7000000000e+00
1.7150000000e-11,2.7000000000e+00
2.0670000000e-11,2.7000000000e+00
1.6480000000e-11,2.7000000000e+00
1.3170000000e-11,2.7000000000e+00
6.3650000000e-11,2.7000000000e+00
1.2110000000e-11,2.7000000000e+00
2.0710000000e-11,2.7000000000e+00
3.1522000000e-10,2.7000000000e+00
2.4120000000e-11,2.7000000000e+00
1.4560000000e-11,2.7000000000e+00
2.2770000000e-11,2.7000000000e+00
2.1450000000e-11,2.7000000000e+00
1.9730000000e-11,2.7000000000e+00
2.2520000000e-11,2.7000000000e+00
1.8100000000e-11,2.7000000000e+00
1.8710000000e-11,2.7000000000e+00
2.0720000000e-11,2.7000000000e+00
7.7440000000e-11,2.7000000000e+00
5.7750000000e-11,2.7000000000e+00
1.1690000000e-11,2.7000000000e+00
1.7840000000e-11,2.7000000000e+00
2.4450000000e-11,2.7000000000e+00
2.7385000000e-10,2.7000000000e+00
2.2890000000e-11,2.7000000000e+00
2.7780000000e-11,2.7000000000e+00
2.1350000000e-11,2.7000000000e+00
1.9510000000e-11,2.7000000000e+00
2.1910000000e-11,2.7000000000e+00
2.9240000000e-11,2.7000000000e+00
2.8940000000e-11,2.7000000000e+00
2.2490000000e-11,2.7000000000e+00
1.4580000000e-11,2.7000000000e+00
1.3330000000e-11,2.7000000000e+00
1.8690000000e-11,2.7000000000e+00
9.6400000000e-12,2.7000000000e+00
8.9700000000e-12,2.7000000000e+00
1.2460000000e-11,2.7000000000e+00
1.2520000000e-11,2.7000000000e+00
1.1490000000e-11,2.7000000000e+00
3.5570000000e-11,2.7000000000e+00
3.9530000000e-11,2.8000000000e+00
2.8140000000e-11,2.8000000000e+00
1.6930000000e-11,2.8000000000e+00
2.2700000000e-11,2.8000000000e+00
2.2850000000e-11,2.8000000000e+00
1.1470000000e-11,2.8000000000e+00
1.5600000000e-12,2.8000000000e+00
2.8770000000e-11,2.8000000000e+00
2.6200000000e-12,2.8000000000e+00
5.2200000000e-12,2.8000000000e+00
2.3280000000e-11,2.8000000000e+00
3.2860000000e-11,2.8000000000e+00
6.1600000000e-12,2.8000000000e+00
2.8580000000e-11,2.8000000000e+00
4.2900000000e-12,2.8000000000e+00
5.7900000000e-12,2.8000000000e+00
2.0710000000e-11,2.8000000000e+00
3.2270000000e-11,2.8000000000e+00
2.9720000000e-11,2.8000000000e+00
1.4960000000e-11,2.8000000000e+00
2.8810000000e-11,2.8000000000e+00
3.9360000000e-11,2.8000000000e+00
3.7820000000e-11,2.8000000000e+00
3.2840000000e-11,2.8000000000e+00
4.0110000000e-11,2.8000000000e+00
5.1290000000e-11,2.8000000000e+00
3.7200000000e-12,2.8000000000e+00
9.3000000000e-13,2.8000000000e+00
1.2400000000e-11,2.8000000000e+00
1.3970000000e-11,2.8000000000e+00
1.6500000000e-11,2.8000000000e+00
5.1700000000e-11,2.8000000000e+00
3.2242000000e-10,2.8000000000e+00
8.5940000000e-11,2.8000000000e+00
8.5420000000e-11,2.8000000000e+00
2.6274000000e-10,2.8000000000e+00
2.7856000000e-10,2.8000000000e+00
2.6953000000e-10,2.8000000000e+00
2.6254000000e-10,2.8000000000e+00
2.5454000000e-10,2.8000000000e+00
2.6236000000e-10,2.8000000000e+00
2.7502000000e-10,2.8000000000e+00
2.6994000000e-10,2.8000000000e+00
2.7014000000e-10,2.8000000000e+00
2.7143000000e-10,2.8000000000e+00
1.0374000000e-10,2.8000000000e+00
8.9600000000e-11,2.8000000000e+00
2.6745000000e-10,2.8000000000e+00
9.5450000000e-11,2.8000000000e+00
9.1030000000e-11,2.8000000000e+00
9.1500000000e-11,2.8000000000e+00
8.3440000000e-11,2.9000000000e+00
9.2730000000e-11,2.9000000000e+00
8.8200000000e-11,2.9000000000e+00
8.3010000000e-11,2.9000000000e+00
8.0730000000e-11,2.9000000000e+00
8.4700000000e-11,2.9000000000e+00
3.0698000000e-10,2.9000000000e+00
8.1870000000e-11,2.9000000000e+00
2.9334000000e-10,2.9000000000e+00
6.9760000000e-11,2.9000000000e+00
7.6090000000e-11,2.9000000000e+00
3.0075000000e-10,2.9000000000e+00
3.0260000000e-10,2.9000000000e+00
3.0113000000e-10,2.9000000000e+00
2.9904000000e-10,2.9000000000e+00
3.0508000000e-10,2.9000000000e+00
3.0059000000e-10,2.9000000000e+00
2.9969000000e-10,2.9000000000e+00
3.0196000000e-10,2.9000000000e+00
3.1176000000e-10,2.9000000000e+00
3.1305000000e-10,2.9000000000e+00
3.1350000000e-10,2.9000000000e+00
3.0812000000e-10,2.9000000000e+00
3.0960000000e-10,2.9000000000e+00
3.1822000000e-10,2.9000000000e+00
3.1710000000e-10,2.9000000000e+00
3.1226000000e-10,2.9000000000e+00
3.1979000000e-10,2.9000000000e+00
3.2167000000e-10,2.9000000000e+00
7.9000000000e-12,2.9000000000e+00
3.0300000000e-12,2.9000000000e+00
1.8320000000e-11,2.9000000000e+00
3.2441000000e-10,2.9000000000e+00
3.1975000000e-10,2.9000000000e+00
3.1311000000e-10,2.9000000000e+00
9.4100000000e-11,2.9000000000e+00
3.1774000000e-10,2.9000000000e+00
9.0180000000e-11,2.9000000000e+00
7.5740000000e-11,2.9000000000e+00
6.3490000000e-11,2.9000000000e+00
7.0360000000e-11,2.9000000000e+00
6.5210000000e-11,2.9000000000e+00
4.9500000000e-11,2.9000000000e+00
3.1860000000e-11,2.9000000000e+00
3.6040000000e-11,2.9000000000e+00
2.7970000000e-11,2.9000000000e+00
1.2430000000e-11,2.9000000000e+00
3.0796000000e-10,2.9000000000e+00
6.2000000000e-12,2.9000000000e+00
6.2300000000e-12,2.9000000000e+00
3.1637000000e-10,2.9000000000e+00
2.3470000000e-10,3.0000000000e+00
2.3658000000e-10,3.0000000000e+00
2.4253000000e-10,3.0000000000e+00
2.6019000000e-10,3.0000000000e+00
2.5815000000e-10,3.0000000000e+00
1.5390000000e-11,3.0000000000e+00
2.7910000000e-10,3.0000000000e+00
2.8772000000e-10,3.0000000000e+00
1.5290000000e-11,3.0000000000e+00
2.3010000000e-11,3.0000000000e+00
2.8150000000e-11,3.0000000000e+00
2.2620000000e-11,3.0000000000e+00
9.4900000000e-12,3.0000000000e+00
9.0000000000e-13,3.0000000000e+00
6.2780000000e-11,3.0000000000e+00
1.5440000000e-11,3.0000000000e+00
1.6040000000e-11,3.0000000000e+00
1.7190000000e-11,3.0000000000e+00
2.6230000000e-11,3.0000000000e+00
2.8050000000e-11,3.0000000000e+00
2.5080000000e-11,3.0000000000e+00
1.7050000000e-11,3.0000000000e+00
2.0180000000e-11,3.0000000000e+00
1.2680000000e-11,3.0000000000e+00
5.3600000000e-12,3.0000000000e+00
8.8200000000e-12,3.0000000000e+00
1.6670000000e-11,3.0000000000e+00
1.8400000000e-11,3.0000000000e+00
3.2710000000e-11,3.0000000000e+00
4.6800000000e-11,3.0000000000e+00
1.1868000000e-10,3.0000000000e+00
1.3223000000e-10,3.0000000000e+00
1.2898000000e-10,3.0000000000e+00
1.4516000000e-10,3.0000000000e+00
2.5185000000e-10,3.0000000000e+00
2.5124000000e-10,3.0000000000e+00
2.5596000000e-10,3.0000000000e+00
1.8860000000e-10,3.0000000000e+00
1.8924000000e-10,3.0000000000e+00
1.9591000000e-10,3.0000000000e+00
2.0099000000e-10,3.0000000000e+00
2.0714000000e-10,3.0000000000e+00
2.3174000000e-10,3.0000000000e+00
2.1538000000e-10,3.0000000000e+00
2.2541000000e-10,3.0000000000e+00
2.3111000000e-10,3.0000000000e+00
2.3886000000e-10,3.0000000000e+00
2.4243000000e-10,3.0000000000e+00
2.8863000000e-10,3.0000000000e+00
2.5171000000e-10,3.0000000000e+00
2.7341000000e-10,3.1000000000e+00
2.9486000000e-10,3.1000000000e+00
2.7693000000e-10,3.1000000000e+00
2.9405000000e-10,3.1000000000e+00
3.0800000000e-10,3.1000000000e+00
3.0879000000e-10,3.1000000000e+00
3.0730000000e-10,3.1000000000e+00
3.0816000000e-10,3.1000000000e+00
3.1415000000e-10,3.1000000000e+00
3.1590000000e-10,3.1000000000e+00
3.1558000000e-10,3.1000000000e+00
3.0524000000e-10,3.1000000000e+00
3.0949000000e-10,3.1000000000e+00
2.2872000000e-10,3.1000000000e+00
3.0375000000e-10,3.1000000000e+00
2.9870000000e-10,3.1000000000e+00
3.0720000000e-10,3.1000000000e+00
2.2544000000e-10,3.1000000000e+00
2.4266000000e-10,3.1000000000e+00
2.5389000000e-10,3.1000000000e+00
3.0656000000e-10,3.1000000000e+00
3.1372000000e-10,3.1000000000e+00
3.1799000000e-10,3.1000000000e+00
3.0850000000e-10,3.1000000000e+00
2.9781000000e-10,3.1000000000e+00
3.0163000000e-10,3.1000000000e+00
3.1029000000e-10,3.1000000000e+00
2.3753000000e-10,3.1000000000e+00
2.3337000000e-10,3.1000000000e+00
2.4122000000e-10,3.1000000000e+00
2.9890000000e-10,3.1000000000e+00
2.7389000000e-10,3.1000000000e+00
2.9296000000e-10,3.1000000000e+00
2.8765000000e-10,3.1000000000e+00
2.9138000000e-10,3.1000000000e+00
3.0476000000e-10,3.1000000000e+00
3.0840000000e-10,3.1000000000e+00
3.0258000000e-10,3.1000000000e+00
3.0919000000e-10,3.1000000000e+00
3.1522000000e-10,3.1000000000e+00
2.3720000000e-10,3.1000000000e+00
3.1017000000e-10,3.1000000000e+00
2.5823000000e-10,3.1000000000e+00
3.1139000000e-10,3.1000000000e+00
3.0452000000e-10,3.1000000000e+00
3.0427000000e-10,3.1000000000e+00
7.2340000000e-11,3.1000000000e+00
3.0765000000e-10,3.1000000000e+00
3.1227000000e-10,3.1000000000e+00
2.3750000000e-10,3.1000000000e+00
2.3738000000e-10,3.1000000000e+00
2.5327000000e-10,3.2000000000e+00
2.6766000000e-10,3.2000000000e+00
7.2230000000e-11,3.2000000000e+00
2.8230000000e-10,3.2000000000e+00
2.3512000000e-10,3.2000000000e+00
2.4353000000e-10,3.2000000000e+00
2.4867000000e-10,3.2000000000e+00
2.6492000000e-10,3.2000000000e+00
2.7471000000e-10,3.2000000000e+00
2.8863000000e-10,3.2000000000e+00
2.8691000000e-10,3.2000000000e+00
7.4450000000e-11,3.2000000000e+00
3.0170000000e-10,3.2000000000e+00
6.3180000000e-11,3.2000000000e+00
4.6040000000e-11,3.2000000000e+00
4.3950000000e-11,3.2000000000e+00
1.5190000000e-11,3.2000000000e+00
4.0140000000e-11,3.2000000000e+00
1.8350000000e-11,3.2000000000e+00
9.6100000000e-12,3.2000000000e+00
1.8290000000e-11,3.2000000000e+00
1.8730000000e-11,3.2000000000e+00
3.4300000000e-12,3.2000000000e+00
9.4000000000e-12,3.2000000000e+00
8.3900000000e-12,3.2000000000e+00
8.5200000000e-12,3.2000000000e+00
9.3700000000e-12,3.2000000000e+00
4.2970000000e-11,3.2000000000e+00
2.7691000000e-10,3.2000000000e+00
3.4210000000e-11,3.2000000000e+00
2.6825000000e-10,3.2000000000e+00
2.6900000000e-10,3.2000000000e+00
2.8306000000e-10,3.2000000000e+00
2.8182000000e-10,3.2000000000e+00
2.8095000000e-10,3.2000000000e+00
2.8620000000e-10,3.2000000000e+00
2.8802000000e-10,3.2000000000e+00
2.8652000000e-10,3.2000000000e+00
8.6400000000e-11,3.2000000000e+00
8.4140000000e-11,3.2000000000e+00
2.8394000000e-10,3.2000000000e+00
2.8766000000e-10,3.2000000000e+00
2.8599000000e-10,3.2000000000e+00
2.8741000000e-10,3.2000000000e+00
2.8167000000e-10,3.2000000000e+00
2.8335000000e-10,3.2000000000e+00
2.7439000000e-10,3.2000000000e+00
2.6924000000e-10,3.2000000000e+00
2.7809000000e-10,3.2000000000e+00
2.7191000000e-10,3.2000000000e+00
2.6792000000e-10,3.2000000000e+00
2.6317000000e-10,3.3000000000e+00
2.5571000000e-10,3.3000000000e+00
2.4257000000e-10,3.3000000000e+00
2.4929000000e-10,3.3000000000e+00
2.4321000000e-10,3.3000000000e+00
2.2768000000e-10,3.3000000000e+00
3.1311000000e-10,3.3000000000e+00
5.5650000000e-11,3.3000000000e+00
2.4198000000e-10,3.3000000000e+00
2.3819000000e-10,3.3000000000e+00
2.3607000000e-10,3.3000000000e+00
3.1107000000e-10,3.3000000000e+00
3.1015000000e-10,3.3000000000e+00
3.1139000000e-10,3.3000000000e+00
3.0869000000e-10,3.3000000000e+00
3.0985000000e-10,3.3000000000e+00
2.9960000000e-10,3.3000000000e+00
2.9897000000e-10,3.3000000000e+00
2.8738000000e-10,3.3000000000e+00
2.8571000000e-10,3.3000000000e+00
2.7500000000e-10,3.3000000000e+00
2.6414000000e-10,3.3000000000e+00
2.6547000000e-10,3.3000000000e+00
2.5654000000e-10,3.3000000000e+00
2.4413000000e-10,3.3000000000e+00
2.3438000000e-10,3.3000000000e+00
2.2971000000e-10,3.3000000000e+00
3.1777000000e-10,3.3000000000e+00
3.0493000000e-10,3.3000000000e+00
2.9712000000e-10,3.3000000000e+00
3.0481000000e-10,3.3000000000e+00
3.1611000000e-10,3.3000000000e+00
2.8999000000e-10,3.3000000000e+00
2.9072000000e-10,3.3000000000e+00
2.8471000000e-10,3.3000000000e+00
2.6496000000e-10,3.3000000000e+00
2.5404000000e-10,3.3000000000e+00
2.4883000000e-10,3.3000000000e+00
3.1524000000e-10,3.3000000000e+00
2.5040000000e-10,3.3000000000e+00
3.1334000000e-10,3.3000000000e+00
3.1415000000e-10,3.3000000000e+00
3.1825000000e-10,3.3000000000e+00
3.0992000000e-10,3.3000000000e+00
3.1121000000e-10,3.3000000000e+00
3.0355000000e-10,3.3000000000e+00
2.9260000000e-10,3.3000000000e+00
2.7447000000e-10,3.3000000000e+00
2.5953000000e-10,3.3000000000e+00
2.4661000000e-10,3.3000000000e+00
2.4188000000e-10,3.3000000000e+00
2.1775000000e-10,3.4000000000e+00
2.1412000000e-10,3.4000000000e+00
1.9874000000e-10,3.4000000000e+00
1.9365000000e-10,3.4000000000e+00
1.7788000000e-10,3.4000000000e+00
1.7306000000e-10,3.4000000000e+00
2.4704000000e-10,3.4000000000e+00
2.3878000000e-10,3.4000000000e+00
1.3526000000e-10,3.4000000000e+00
1.2359000000e-10,3.4000000000e+00
1.9132000000e-10,3.4000000000e+00
9.9480000000e-11,3.4000000000e+00
1.9010000000e-10,3.4000000000e+00
1.7873000000e-10,3.4000000000e+00
6.9390000000e-11,3.4000000000e+00
5.5440000000e-11,3.4000000000e+00
4.5510000000e-11,3.4000000000e+00
3.6120000000e-11,3.4000000000e+00
2.8250000000e-11,3.4000000000e+00
1.5940000000e-11,3.4000000000e+00
6.0000000000e-14,3.4000000000e+00
7.1300000000e-12,3.4000000000e+00
1.5700000000e-11,3.4000000000e+00
2.0540000000e-11,3.4000000000e+00
2.8910000000e-11,3.4000000000e+00
2.3310000000e-11,3.4000000000e+00
1.8220000000e-11,3.4000000000e+00
1.8480000000e-11,3.4000000000e+00
1.8830000000e-11,3.4000000000e+00
6.5010000000e-11,3.4000000000e+00
1.1100000000e-11,3.4000000000e+00
3.1855000000e-10,3.4000000000e+00
1.5500000000e-11,3.4000000000e+00
1.7560000000e-11,3.4000000000e+00
5.7890000000e-11,3.4000000000e+00
1.4260000000e-11,3.4000000000e+00
1.4930000000e-11,3.4000000000e+00
1.8710000000e-11,3.4000000000e+00
2.4030000000e-11,3.4000000000e+00
1.8160000000e-11,3.4000000000e+00
1.7460000000e-11,3.4000000000e+00
4.8600000000e-12,3.4000000000e+00
7.6600000000e-12,3.4000000000e+00
1.4090000000e-11,3.4000000000e+00
3.1030000000e-11,3.4000000000e+00
3.0240000000e-11,3.4000000000e+00
3.4660000000e-11,3.4000000000e+00
1.0570000000e-11,3.4000000000e+00
4.0900000000e-12,3.4000000000e+00
6.4600000000e-12,3.4000000000e+00
1.3920000000e-11,3.5000000000e+00
4.8500000000e-12,3.5000000000e+00
8.3700000000e-12,3.5000000000e+00
2.6930000000e-11,3.5000000000e+00
3.8010000000e-11,3.5000000000e+00
3.7520000000e-11,3.5000000000e+00
3.5900000000e-11,3.5000000000e+00
1.7170000000e-11,3.5000000000e+00
6.7600000000e-11,3.5000000000e+00
5.7380000000e-11,3.5000000000e+00
4.1780000000e-11,3.5000000000e+00
4.1860000000e-11,3.5000000000e+00
9.4070000000e-11,3.5000000000e+00
3.3300000000e-11,3.5000000000e+00
1.2890000000e-11,3.5000000000e+00
6.7100000000e-12,3.5000000000e+00
2.5040000000e-11,3.5000000000e+00
3.3340000000e-11,3.5000000000e+00
5.3560000000e-11,3.5000000000e+00
8.4790000000e-11,3.5000000000e+00
9.5680000000e-11,3.5000000000e+00
1.1014000000e-10,3.5000000000e+00
7.2490000000e-11,3.5000000000e+00
5.5120000000e-11,3.5000000000e+00
7.0450000000e-11,3.5000000000e+00
7.5020000000e-11,3.5000000000e+00
8.0920000000e-11,3.5000000000e+00
5.2640000000e-11,3.5000000000e+00
3.8410000000e-11,3.5000000000e+00
4.8300000000e-11,3.5000000000e+00
2.9950000000e-11,3.5000000000e+00
1.3030000000e-11,3.5000000000e+00
1.7500000000e-11,3.5000000000e+00
3.6090000000e-11,3.5000000000e+00
4.9060000000e-11,3.5000000000e+00
6.7790000000e-11,3.5000000000e+00
2.7891000000e-10,3.5000000000e+00
2.6642000000e-10,3.5000000000e+00
2.4566000000e-10,3.5000000000e+00
3.1752000000e-10,3.5000000000e+00
3.1256000000e-10,3.5000000000e+00
3.2211000000e-10,3.5000000000e+00
3.2112000000e-10,3.5000000000e+00
3.1947000000e-10,3.5000000000e+00
3.3253000000e-10,3.5000000000e+00
3.1929000000e-10,3.5000000000e+00
3.1252000000e-10,3.5000000000e+00
2.8686000000e-10,3.5000000000e+00
2.6771000000e-10,3.5000000000e+00
2.6454000000e-10,3.5000000000e+00
3.1905000000e-10,3.5000000000e+00
3.1961000000e-10,3.6000000000e+00
3.1056000000e-10,3.6000000000e+00
2.5937000000e-10,3.6000000000e+00
2.4001000000e-10,3.6000000000e+00
3.1545000000e-10,3.6000000000e+00
3.1732000000e-10,3.6000000000e+00
3.1753000000e-10,3.6000000000e+00
3.0799000000e-10,3.6000000000e+00
3.0839000000e-10,3.6000000000e+00
2.7695000000e-10,3.6000000000e+00
2.5580000000e-10,3.6000000000e+00
2.5899000000e-10,3.6000000000e+00
2.1395000000e-10,3.6000000000e+00
2.0530000000e-10,3.6000000000e+00
1.8877000000e-10,3.6000000000e+00
1.8201000000e-10,3.6000000000e+00
2.4327000000e-10,3.6000000000e+00
2.3007000000e-10,3.6000000000e+00
1.1876000000e-10,3.6000000000e+00
1.0353000000e-10,3.6000000000e+00
1.8266000000e-10,3.6000000000e+00
1.7324000000e-10,3.6000000000e+00
5.6780000000e-11,3.6000000000e+00
4.3770000000e-11,3.6000000000e+00
2.3200000000e-11,3.6000000000e+00
3.5100000000e-12,3.6000000000e+00
9.9800000000e-12,3.6000000000e+00
1.7510000000e-11,3.6000000000e+00
2.9900000000e-11,3.6000000000e+00
3.3270000000e-11,3.6000000000e+00
2.3230000000e-11,3.6000000000e+00
7.6100000000e-12,3.6000000000e+00
1.0390000000e-11,3.6000000000e+00
1.6520000000e-11,3.6000000000e+00
2.0870000000e-11,3.6000000000e+00
1.8090000000e-11,3.6000000000e+00
2.0820000000e-11,3.6000000000e+00
2.7040000000e-10,3.6000000000e+00
6.6680000000e-11,3.6000000000e+00
2.3210000000e-11,3.6000000000e+00
1.1840000000e-11,3.6000000000e+00
2.1140000000e-11,3.6000000000e+00
1.9840000000e-11,3.6000000000e+00
2.0790000000e-11,3.6000000000e+00
1.5360000000e-11,3.6000000000e+00
9.7800000000e-12,3.6000000000e+00
4.5070000000e-11,3.6000000000e+00
2.8410000000e-11,3.6000000000e+00
1.7600000000e-12,3.6000000000e+00
5.7200000000e-12,3.6000000000e+00
2.2790000000e-11,3.7000000000e+00
1.0910000000e-11,3.7000000000e+00
3.0000000000e-13,3.7000000000e+00
2.3000000000e-11,3.7000000000e+00
4.1060000000e-11,3.7000000000e+00
3.0100000000e-11,3.7000000000e+00
3.5290000000e-11,3.7000000000e+00
1.1090000000e-11,3.7000000000e+00
6.1300000000e-11,3.7000000000e+00
6.1820000000e-11,3.7000000000e+00
5.2970000000e-11,3.7000000000e+00
3.4380000000e-11,3.7000000000e+00
7.1230000000e-11,3.7000000000e+00
8.8650000000e-11,3.7000000000e+00
1.6010000000e-11,3.7000000000e+00
7.3400000000e-12,3.7000000000e+00
5.6100000000e-12,3.7000000000e+00
1.9900000000e-12,3.7000000000e+00
3.8980000000e-11,3.7000000000e+00
4.6450000000e-11,3.7000000000e+00
5.9130000000e-11,3.7000000000e+00
6.2740000000e-11,3.7000000000e+00
9.9490000000e-11,3.7000000000e+00
3.1936000000e-10,3.7000000000e+00
3.2207000000e-10,3.7000000000e+00
3.1737000000e-10,3.7000000000e+00
7.0410000000e-11,3.7000000000e+00
5.8020000000e-11,3.7000000000e+00
5.7170000000e-11,3.7000000000e+00
6.6450000000e-11,3.7000000000e+00
7.6600000000e-11,3.7000000000e+00
7.9590000000e-11,3.7000000000e+00
3.9640000000e-11,3.7000000000e+00
4.6770000000e-11,3.7000000000e+00
3.1098000000e-10,3.7000000000e+00
4.2570000000e-11,3.7000000000e+00
3.3550000000e-11,3.7000000000e+00
2.9770000000e-11,3.7000000000e+00
2.2830000000e-11,3.7000000000e+00
4.0000000000e-13,3.7000000000e+00
2.3060000000e-11,3.7000000000e+00
2.0750000000e-11,3.7000000000e+00
5.2580000000e-11,3.7000000000e+00
3.1680000000e-11,3.7000000000e+00
5.6110000000e-11,3.7000000000e+00
2.9382000000e-10,3.7000000000e+00
3.0695000000e-10,3.7000000000e+00
2.7517000000e-10,3.7000000000e+00
2.8112000000e-10,3.7000000000e+00
2.5553000000e-10,3.7000000000e+00
2.3797000000e-10,3.8000000000e+00
2.5280000000e-10,3.8000000000e+00
2.3287000000e-10,3.8000000000e+00
3.0599000000e-10,3.8000000000e+00
3.0988000000e-10,3.8000000000e+00
8.3450000000e-11,3.8000000000e+00
3.1765000000e-10,3.8000000000e+00
3.1333000000e-10,3.8000000000e+00
3.1773000000e-10,3.8000000000e+00
3.2184000000e-10,3.8000000000e+00
3.1605000000e-10,3.8000000000e+00
3.1637000000e-10,3.8000000000e+00
2.3263000000e-10,3.8000000000e+00
3.1776000000e-10,3.8000000000e+00
3.1434000000e-10,3.8000000000e+00
3.0923000000e-10,3.8000000000e+00
3.0596000000e-10,3.8000000000e+00
3.0227000000e-10,3.8000000000e+00
2.9162000000e-10,3.8000000000e+00
2.7421000000e-10,3.8000000000e+00
2.6863000000e-10,3.8000000000e+00
2.5522000000e-10,3.8000000000e+00
2.5056000000e-10,3.8000000000e+00
2.3530000000e-10,3.8000000000e+00
2.2860000000e-10,3.8000000000e+00
3.0911000000e-10,3.8000000000e+00
3.1621000000e-10,3.8000000000e+00
3.1077000000e-10,3.8000000000e+00
3.0692000000e-10,3.8000000000e+00
3.1570000000e-10,3.8000000000e+00
3.1976000000e-10,3.8000000000e+00
2.5917000000e-10,3.8000000000e+00
2.3926000000e-10,3.8000000000e+00
3.1649000000e-10,3.8000000000e+00
3.2100000000e-10,3.8000000000e+00
3.2447000000e-10,3.8000000000e+00
3.1991000000e-10,3.8000000000e+00
3.1743000000e-10,3.8000000000e+00
3.1571000000e-10,3.8000000000e+00
3.1460000000e-10,3.8000000000e+00
2.9850000000e-10,3.8000000000e+00
2.7909000000e-10,3.8000000000e+00
2.7432000000e-10,3.8000000000e+00
2.5552000000e-10,3.8000000000e+00
2.4738000000e-10,3.8000000000e+00
2.3301000000e-10,3.8000000000e+00
2.2281000000e-10,3.8000000000e+00
2.1525000000e-10,3.8000000000e+00
2.0227000000e-10,3.8000000000e+00
1.8544000000e-10,3.8000000000e+00
1.7236000000e-10,3.8000000000e+00
1.6616000000e-10,3.9000000000e+00
2.4241000000e-10,3.9000000000e+00
2.2261000000e-10,3.9000000000e+00
1.2503000000e-10,3.9000000000e+00
1.1327000000e-10,3.9000000000e+00
1.9831000000e-10,3.9000000000e+00
1.8765000000e-10,3.9000000000e+00
6.7450000000e-11,3.9000000000e+00
5.8170000000e-11,3.9000000000e+00
4.6710000000e-11,3.9000000000e+00
2.8020000000e-11,3.9000000000e+00
1.6690000000e-11,3.9000000000e+00
7.1000000000e-12,3.9000000000e+00
1.1150000000e-11,3.9000000000e+00
1.3760000000e-11,3.9000000000e+00
1.5290000000e-11,3.9000000000e+00
2.9470000000e-11,3.9000000000e+00
3.0590000000e-11,3.9000000000e+00
3.2670000000e-11,3.9000000000e+00
1.6560000000e-11,3.9000000000e+00
6.1760000000e-11,3.9000000000e+00
1.3080000000e-11,3.9000000000e+00
2.4410000000e-11,3.9000000000e+00
2.3530000000e-11,3.9000000000e+00
2.6160000000e-11,3.9000000000e+00
2.8104000000e-10,3.9000000000e+00
1.9150000000e-11,3.9000000000e+00
2.5960000000e-11,3.9000000000e+00
1.8960000000e-11,3.9000000000e+00
1.3050000000e-11,3.9000000000e+00
1.3860000000e-11,3.9000000000e+00
2.0380000000e-11,3.9000000000e+00
3.4210000000e-11,3.9000000000e+00
1.9440000000e-11,3.9000000000e+00
1.7660000000e-11,3.9000000000e+00
1.1700000000e-12,3.9000000000e+00
1.0260000000e-11,3.9000000000e+00
4.2400000000e-12,3.9000000000e+00
2.2370000000e-11,3.9000000000e+00
2.7270000000e-11,3.9000000000e+00
2.4970000000e-11,3.9000000000e+00
3.9420000000e-11,3.9000000000e+00
1.3900000000e-11,3.9000000000e+00
7.2610000000e-11,3.9000000000e+00
5.1930000000e-11,3.9000000000e+00
3.4500000000e-11,3.9000000000e+00
1.0048000000e-10,3.9000000000e+00
2.2720000000e-11,3.9000000000e+00
1.3910000000e-11,3.9000000000e+00
1.5670000000e-11,3.9000000000e+00
3.2260000000e-11,4.0000000000e+00
5.6640000000e-11,4.0000000000e+00
7.3110000000e-11,4.0000000000e+00
8.9680000000e-11,4.0000000000e+00
3.1309000000e-10,4.0000000000e+00
1.9874000000e-10,4.0000000000e+00
1.8741000000e-10,4.0000000000e+00
1.6726000000e-10,4.0000000000e+00
3.1660000000e-11,4.0000000000e+00
6.2690000000e-11,4.0000000000e+00
2.3843000000e-10,4.0000000000e+00
2.5480000000e-11,4.0000000000e+00
9.7500000000e-12,4.0000000000e+00
1.2450000000e-11,4.0000000000e+00
2.0930000000e-11,4.0000000000e+00
5.2990000000e-11,4.0000000000e+00
7.5040000000e-11,4.0000000000e+00
3.2343000000e-10,4.0000000000e+00
3.0777000000e-10,4.0000000000e+00
6.6790000000e-11,4.0000000000e+00
7.0070000000e-11,4.0000000000e+00
6.2590000000e-11,4.0000000000e+00
6.2020000000e-11,4.0000000000e+00
3.0364000000e-10,4.0000000000e+00
6.2610000000e-11,4.0000000000e+00
1.5860000000e-11,4.0000000000e+00
5.8800000000e-12,4.0000000000e+00
9.6400000000e-12,4.0000000000e+00
2.9030000000e-11,4.0000000000e+00
5.4280000000e-11,4.0000000000e+00
8.6720000000e-11,4.0000000000e+00
2.9417000000e-10,4.0000000000e+00
2.5727000000e-10,4.0000000000e+00
2.4091000000e-10,4.0000000000e+00
3.1774000000e-10,4.0000000000e+00
7.2560000000e-11,4.0000000000e+00
3.0834000000e-10,4.0000000000e+00
6.1540000000e-11,4.0000000000e+00
3.1861000000e-10,4.0000000000e+00
2.4775000000e-10,4.0000000000e+00
2.2838000000e-10,4.0000000000e+00
3.0803000000e-10,4.0000000000e+00
2.9996000000e-10,4.0000000000e+00
2.8540000000e-10,4.0000000000e+00
2.7276000000e-10,4.0000000000e+00
2.4625000000e-10,4.0000000000e+00
2.3252000000e-10,4.0000000000e+00
3.1514000000e-10,4.0000000000e+00
3.1720000000e-10,4.0000000000e+00
3.0867000000e-10,4.0000000000e+00
3.0635000000e-10,4.1000000000e+00
2.5097000000e-10,4.1000000000e+00
2.4011000000e-10,4.1000000000e+00
3.0977000000e-10,4.1000000000e+00
3.0769000000e-10,4.1000000000e+00
3.1465000000e-10,4.1000000000e+00
3.2226000000e-10,4.1000000000e+00
3.0267000000e-10,4.1000000000e+00
3.0209000000e-10,4.1000000000e+00
2.7735000000e-10,4.1000000000e+00
2.5341000000e-10,4.1000000000e+00
2.4869000000e-10,4.1000000000e+00
2.3013000000e-10,4.1000000000e+00
2.2653000000e-10,4.1000000000e+00
2.1352000000e-10,4.1000000000e+00
2.0501000000e-10,4.1000000000e+00
1.8933000000e-10,4.1000000000e+00
1.7575000000e-10,4.1000000000e+00
2.4420000000e-10,4.1000000000e+00
2.2934000000e-10,4.1000000000e+00
1.4465000000e-10,4.1000000000e+00
1.9815000000e-10,4.1000000000e+00
1.2138000000e-10,4.1000000000e+00
1.8446000000e-10,4.1000000000e+00
1.3704000000e-10,4.1000000000e+00
5.2210000000e-11,4.1000000000e+00
3.8090000000e-11,4.1000000000e+00
2.0750000000e-11,4.1000000000e+00
9.3600000000e-12,4.1000000000e+00
5.1900000000e-12,4.1000000000e+00
1.3330000000e-11,4.1000000000e+00
2.5000000000e-11,4.1000000000e+00
2.7040000000e-11,4.1000000000e+00
2.1810000000e-11,4.1000000000e+00
2.1110000000e-11,4.1000000000e+00
2.2780000000e-11,4.1000000000e+00
1.9990000000e-11,4.1000000000e+00
1.5520000000e-11,4.1000000000e+00
5.7500000000e-12,4.1000000000e+00
2.7070000000e-11,4.1000000000e+00
2.5910000000e-11,4.1000000000e+00
2.6900000000e-11,4.1000000000e+00
1.7040000000e-11,4.1000000000e+00
2.5420000000e-10,4.1000000000e+00
1.8830000000e-11,4.1000000000e+00
1.7490000000e-11,4.1000000000e+00
2.3420000000e-11,4.1000000000e+00
1.8590000000e-11,4.1000000000e+00
1.1450000000e-11,4.1000000000e+00
1.3470000000e-11,4.1000000000e+00
1.1560000000e-11,4.2000000000e+00
5.0400000000e-12,4.2000000000e+00
1.9750000000e-11,4.2000000000e+00
2.7990000000e-11,4.2000000000e+00
2.8210000000e-11,4.2000000000e+00
2.1070000000e-11,4.2000000000e+00
1.5790000000e-11,4.2000000000e+00
1.9000000000e-11,4.2000000000e+00
8.9700000000e-12,4.2000000000e+00
1.1330000000e-11,4.2000000000e+00
1.4310000000e-11,4.2000000000e+00
1.8840000000e-11,4.2000000000e+00
2.1190000000e-11,4.2000000000e+00
1.9920000000e-11,4.2000000000e+00
1.0240000000e-11,4.2000000000e+00
1.6270000000e-11,4.2000000000e+00
1.0630000000e-11,4.2000000000e+00
1.4890000000e-11,4.2000000000e+00
1.8340000000e-11,4.2000000000e+00
3.3750000000e-11,4.2000000000e+00
3.3060000000e-11,4.2000000000e+00
3.3610000000e-11,4.2000000000e+00
3.9540000000e-11,4.2000000000e+00
4.8910000000e-11,4.2000000000e+00
5.2290000000e-11,4.2000000000e+00
8.9570000000e-11,4.2000000000e+00
9.7780000000e-11,4.2000000000e+00
2.6006000000e-10,4.2000000000e+00
7.0670000000e-11,4.2000000000e+00
6.2230000000e-11,4.2000000000e+00
4.6060000000e-11,4.2000000000e+00
7.1720000000e-11,4.2000000000e+00
7.5840000000e-11,4.2000000000e+00
7.5100000000e-11,4.2000000000e+00
3.1487000000e-10,4.2000000000e+00
2.0700000000e-11,4.2000000000e+00
1.8790000000e-11,4.2000000000e+00
1.3240000000e-11,4.2000000000e+00
2.1900000000e-12,4.2000000000e+00
1.6530000000e-11,4.2000000000e+00
2.3180000000e-11,4.2000000000e+00
2.7970000000e-11,4.2000000000e+00
3.9450000000e-11,4.2000000000e+00
3.2060000000e-10,4.2000000000e+00
7.4980000000e-11,4.2000000000e+00
8.1320000000e-11,4.2000000000e+00
3.0352000000e-10,4.2000000000e+00
6.4110000000e-11,4.2000000000e+00
5.7350000000e-11,4.2000000000e+00
9.0330000000e-11,4.2000000000e+00
8.0620000000e-11,4.3000000000e+00
6.8670000000e-11,4.3000000000e+00
5.0670000000e-11,4.3000000000e+00
5.1150000000e-11,4.3000000000e+00
3.0153000000e-10,4.3000000000e+00
7.4620000000e-11,4.3000000000e+00
1.7020000000e-11,4.3000000000e+00
6.0700000000e-12,4.3000000000e+00
3.3600000000e-12,4.3000000000e+00
1.5980000000e-11,4.3000000000e+00
5.4970000000e-11,4.3000000000e+00
2.9703000000e-10,4.3000000000e+00
2.7868000000e-10,4.3000000000e+00
2.4897000000e-10,4.3000000000e+00
2.2268000000e-10,4.3000000000e+00
2.9948000000e-10,4.3000000000e+00
3.1695000000e-10,4.3000000000e+00
3.1805000000e-10,4.3000000000e+00
3.0784000000e-10,4.3000000000e+00
3.0749000000e-10,4.3000000000e+00
2.5603000000e-10,4.3000000000e+00
3.2075000000e-10,4.3000000000e+00
3.1018000000e-10,4.3000000000e+00
2.8785000000e-10,4.3000000000e+00
2.5419000000e-10,4.3000000000e+00
2.4123000000e-10,4.3000000000e+00
3.0929000000e-10,4.3000000000e+00
3.1230000000e-10,4.3000000000e+00
2.5917000000e-10,4.3000000000e+00
2.3876000000e-10,4.3000000000e+00
3.1509000000e-10,4.3000000000e+00
3.2036000000e-10,4.3000000000e+00
3.1449000000e-10,4.3000000000e+00
3.0438000000e-10,4.3000000000e+00
2.8905000000e-10,4.3000000000e+00
2.7267000000e-10,4.3000000000e+00
2.4183000000e-10,4.3000000000e+00
2.2313000000e-10,4.3000000000e+00
2.0811000000e-10,4.3000000000e+00
1.8822000000e-10,4.3000000000e+00
2.5903000000e-10,4.3000000000e+00
2.3670000000e-10,4.3000000000e+00
1.3329000000e-10,4.3000000000e+00
1.2587000000e-10,4.3000000000e+00
1.9051000000e-10,4.3000000000e+00
7.3370000000e-11,4.3000000000e+00
4.5070000000e-11,4.3000000000e+00
3.2570000000e-11,4.3000000000e+00
3.7800000000e-12,4.3000000000e+00
5.5300000000e-12,4.3000000000e+00
2.7880000000e-11,4.4000000000e+00
2.3840000000e-11,4.4000000000e+00
1.7400000000e-11,4.4000000000e+00
6.1300000000e-12,4.4000000000e+00
1.5530000000e-11,4.4000000000e+00
2.6420000000e-11,4.4000000000e+00
1.8230000000e-11,4.4000000000e+00
3.7200000000e-12,4.4000000000e+00
2.0500000000e-12,4.4000000000e+00
3.1970000000e-11,4.4000000000e+00
2.1400000000e-12,4.4000000000e+00
8.0000000000e-14,4.4000000000e+00
1.2670000000e-11,4.4000000000e+00
8.0800000000e-12,4.4000000000e+00
1.8120000000e-11,4.4000000000e+00
4.3280000000e-11,4.4000000000e+00
6.3070000000e-11,4.4000000000e+00
7.1020000000e-11,4.4000000000e+00
1.9380000000e-11,4.4000000000e+00
3.4910000000e-11,4.4000000000e+00
8.5660000000e-11,4.4000000000e+00
2.0080000000e-11,4.4000000000e+00
8.5300000000e-12,4.4000000000e+00
3.2200000000e-11,4.4000000000e+00
4.5100000000e-11,4.4000000000e+00
5.8620000000e-11,4.4000000000e+00
7.2300000000e-11,4.4000000000e+00
3.1081000000e-10,4.4000000000e+00
1.9960000000e-10,4.4000000000e+00
1.9105000000e-10,4.4000000000e+00
1.7382000000e-10,4.4000000000e+00
1.5748000000e-10,4.4000000000e+00
5.5280000000e-11,4.4000000000e+00
7.3120000000e-11,4.4000000000e+00
6.8980000000e-11,4.4000000000e+00
9.0330000000e-11,4.4000000000e+00
1.0401000000e-10,4.4000000000e+00
1.0125000000e-10,4.4000000000e+00
2.0670000000e-11,4.4000000000e+00
7.4900000000e-12,4.4000000000e+00
1.3320000000e-11,4.4000000000e+00
4.6590000000e-11,4.4000000000e+00
6.3370000000e-11,4.4000000000e+00
7.7320000000e-11,4.4000000000e+00
2.7780000000e-10,4.4000000000e+00
2.6270000000e-10,4.4000000000e+00
2.4874000000e-10,4.4000000000e+00
2.3010000000e-10,4.4000000000e+00
3.1306000000e-10,4.4000000000e+00
3.1387000000e-10,4.4000000000e+00
3.1686000000e-10,4.5000000000e+00
3.1705000000e-10,4.5000000000e+00
2.4868000000e-10,4.5000000000e+00
3.1915000000e-10,4.5000000000e+00
3.1145000000e-10,4.5000000000e+00
3.0836000000e-10,4.5000000000e+00
2.8690000000e-10,4.5000000000e+00
2.7734000000e-10,4.5000000000e+00
2.5259000000e-10,4.5000000000e+00
2.4165000000e-10,4.5000000000e+00
3.1494000000e-10,4.5000000000e+00
2.9977000000e-10,4.5000000000e+00
3.1841000000e-10,4.5000000000e+00
3.1596000000e-10,4.5000000000e+00
2.4704000000e-10,4.5000000000e+00
2.3197000000e-10,4.5000000000e+00
3.1305000000e-10,4.5000000000e+00
3.2394000000e-10,4.5000000000e+00
3.1620000000e-10,4.5000000000e+00
3.0711000000e-10,4.5000000000e+00
2.7833000000e-10,4.5000000000e+00
2.5924000000e-10,4.5000000000e+00
2.4614000000e-10,4.5000000000e+00
2.2381000000e-10,4.5000000000e+00
2.0791000000e-10,4.5000000000e+00
1.9042000000e-10,4.5000000000e+00
1.8069000000e-10,4.5000000000e+00
2.5129000000e-10,4.5000000000e+00
1.3824000000e-10,4.5000000000e+00
1.1619000000e-10,4.5000000000e+00
1.0310000000e-10,4.5000000000e+00
1.8690000000e-10,4.5000000000e+00
1.7129000000e-10,4.5000000000e+00
4.5690000000e-11,4.5000000000e+00
2.4120000000e-11,4.5000000000e+00
8.3000000000e-12,4.5000000000e+00
1.3000000000e-13,4.5000000000e+00
1.3270000000e-11,4.5000000000e+00
1.9310000000e-11,4.5000000000e+00
2.2840000000e-11,4.5000000000e+00
1.2380000000e-11,4.5000000000e+00
6.9580000000e-11,4.5000000000e+00
1.8040000000e-11,4.5000000000e+00
1.4680000000e-11,4.5000000000e+00
1.4240000000e-11,4.5000000000e+00
3.1000000000e-13,4.5000000000e+00
8.6000000000e-13,4.5000000000e+00
8.8300000000e-12,4.5000000000e+00
2.8030000000e-11,4.5000000000e+00
1.7800000000e-11,4.5000000000e+00
1.2410000000e-11,4.6000000000e+00
5.7300000000e-12,4.6000000000e+00
7.3700000000e-12,4.6000000000e+00
1.1860000000e-11,4.6000000000e+00
3.3380000000e-11,4.6000000000e+00
3.4360000000e-11,4.6000000000e+00
4.8620000000e-11,4.6000000000e+00
1.8670000000e-11,4.6000000000e+00
2.2920000000e-11,4.6000000000e+00
5.7640000000e-11,4.6000000000e+00
4.4610000000e-11,4.6000000000e+00
3.2427000000e-10,4.6000000000e+00
1.2110000000e-11,4.6000000000e+00
6.2300000000e-12,4.6000000000e+00
1.0260000000e-11,4.6000000000e+00
3.5820000000e-11,4.6000000000e+00
5.2970000000e-11,4.6000000000e+00
6.3430000000e-11,4.6000000000e+00
7.8520000000e-11,4.6000000000e+00
3.1221000000e-10,4.6000000000e+00
6.4690000000e-11,4.6000000000e+00
6.5310000000e-11,4.6000000000e+00
8.2910000000e-11,4.6000000000e+00
7.5860000000e-11,4.6000000000e+00
1.0329000000e-10,4.6000000000e+00
3.0578000000e-10,4.6000000000e+00
7.0400000000e-11,4.6000000000e+00
2.8160000000e-11,4.6000000000e+00
3.6200000000e-12,4.6000000000e+00
1.4560000000e-11,4.6000000000e+00
2.1600000000e-11,4.6000000000e+00
4.1790000000e-11,4.6000000000e+00
7.1520000000e-11,4.6000000000e+00
9.9450000000e-11,4.6000000000e+00
2.8393000000e-10,4.6000000000e+00
2.7313000000e-10,4.6000000000e+00
2.5119000000e-10,4.6000000000e+00
2.5955000000e-10,4.6000000000e+00
6.5660000000e-11,4.6000000000e+00
7.4210000000e-11,4.6000000000e+00
3.0764000000e-10,4.6000000000e+00
3.1295000000e-10,4.6000000000e+00
3.0840000000e-10,4.6000000000e+00
2.9062000000e-10,4.6000000000e+00
2.8236000000e-10,4.6000000000e+00
2.6871000000e-10,4.6000000000e+00
2.5040000000e-10,4.6000000000e+00
2.3280000000e-10,4.6000000000e+00
3.0291000000e-10,4.6000000000e+00
3.0248000000e-10,4.6000000000e+00
3.0701000000e-10,4.6000000000e+00
2.9982000000e-10,4.7000000000e+00
3.0958000000e-10,4.7000000000e+00
2.3775000000e-10,4.7000000000e+00
3.1248000000e-10,4.7000000000e+00
3.0797000000e-10,4.7000000000e+00
3.1261000000e-10,4.7000000000e+00
2.8551000000e-10,4.7000000000e+00
2.6480000000e-10,4.7000000000e+00
2.4780000000e-10,4.7000000000e+00
2.3797000000e-10,4.7000000000e+00
2.2138000000e-10,4.7000000000e+00
2.1270000000e-10,4.7000000000e+00
1.9584000000e-10,4.7000000000e+00
1.8273000000e-10,4.7000000000e+00
2.1495000000e-10,4.7000000000e+00
2.0434000000e-10,4.7000000000e+00
1.9345000000e-10,4.7000000000e+00
2.6071000000e-10,4.7000000000e+00
2.3567000000e-10,4.7000000000e+00
1.3512000000e-10,4.7000000000e+00
1.1625000000e-10,4.7000000000e+00
1.1217000000e-10,4.7000000000e+00
1.8660000000e-10,4.7000000000e+00
1.6780000000e-10,4.7000000000e+00
5.4480000000e-11,4.7000000000e+00
4.4480000000e-11,4.7000000000e+00
2.9140000000e-11,4.7000000000e+00
4.6900000000e-12,4.7000000000e+00
1.1640000000e-11,4.7000000000e+00
1.4250000000e-11,4.7000000000e+00
1.6590000000e-11,4.7000000000e+00
1.3000000000e-11,4.7000000000e+00
2.0110000000e-11,4.7000000000e+00
1.8820000000e-11,4.7000000000e+00
9.9600000000e-12,4.7000000000e+00
1.7850000000e-11,4.7000000000e+00
1.5920000000e-11,4.7000000000e+00
1.8660000000e-11,4.7000000000e+00
9.7700000000e-12,4.7000000000e+00
3.9570000000e-11,4.7000000000e+00
3.1650000000e-11,4.7000000000e+00
1.4870000000e-11,4.7000000000e+00
1.3640000000e-11,4.7000000000e+00
8.8100000000e-12,4.7000000000e+00
1.4090000000e-11,4.7000000000e+00
1.1430000000e-11,4.7000000000e+00
2.2650000000e-11,4.7000000000e+00
4.0530000000e-11,4.7000000000e+00
3.9100000000e-12,4.7000000000e+00
6.3680000000e-11,4.7000000000e+00
4.7740000000e-11,4.7000000000e+00
5.4540000000e-11,4.8000000000e+00
2.9260000000e-11,4.8000000000e+00
1.8620000000e-11,4.8000000000e+00
1.4960000000e-11,4.8000000000e+00
3.8540000000e-11,4.8000000000e+00
5.6080000000e-11,4.8000000000e+00
7.1860000000e-11,4.8000000000e+00
1.0102000000e-10,4.8000000000e+00
3.0008000000e-10,4.8000000000e+00
5.3470000000e-11,4.8000000000e+00
7.6580000000e-11,4.8000000000e+00
8.3220000000e-11,4.8000000000e+00
3.1018000000e-10,4.8000000000e+00
5.8600000000e-11,4.8000000000e+00
3.0600000000e-11,4.8000000000e+00
9.8500000000e-12,4.8000000000e+00
2.7780000000e-11,4.8000000000e+00
4.4620000000e-11,4.8000000000e+00
6.3290000000e-11,4.8000000000e+00
7.7820000000e-11,4.8000000000e+00
2.6094000000e-10,4.8000000000e+00
2.3464000000e-10,4.8000000000e+00
2.2553000000e-10,4.8000000000e+00
5.7880000000e-11,4.8000000000e+00
3.0660000000e-10,4.8000000000e+00
3.1017000000e-10,4.8000000000e+00
2.2640000000e-10,4.8000000000e+00
3.0564000000e-10,4.8000000000e+00
2.9500000000e-10,4.8000000000e+00
2.7432000000e-10,4.8000000000e+00
2.8613000000e-10,4.8000000000e+00
2.3154000000e-10,4.8000000000e+00
3.0696000000e-10,4.8000000000e+00
3.1067000000e-10,4.8000000000e+00
3.0827000000e-10,4.8000000000e+00
3.0295000000e-10,4.8000000000e+00
2.2627000000e-10,4.8000000000e+00
3.0320000000e-10,4.8000000000e+00
3.1584000000e-10,4.8000000000e+00
3.1540000000e-10,4.8000000000e+00
2.9740000000e-10,4.8000000000e+00
2.7129000000e-10,4.8000000000e+00
2.8076000000e-10,4.8000000000e+00
2.2897000000e-10,4.8000000000e+00
2.1803000000e-10,4.8000000000e+00
1.8985000000e-10,4.8000000000e+00
1.7859000000e-10,4.8000000000e+00
2.4329000000e-10,4.8000000000e+00
1.3574000000e-10,4.8000000000e+00
1.7225000000e-10,4.8000000000e+00
1.6344000000e-10,4.8000000000e+00
6.0380000000e-11,4.9000000000e+00
4.7330000000e-11,4.9000000000e+00
2.8500000000e-11,4.9000000000e+00
4.2700000000e-12,4.9000000000e+00
2.1960000000e-11,4.9000000000e+00
2.3920000000e-11,4.9000000000e+00
2.5790000000e-11,4.9000000000e+00
2.6340000000e-11,4.9000000000e+00
1.9410000000e-11,4.9000000000e+00
2.8180000000e-11,4.9000000000e+00
2.9800000000e-11,4.9000000000e+00
2.3050000000e-11,4.9000000000e+00
2.6461000000e-10,4.9000000000e+00
2.5350000000e-11,4.9000000000e+00
1.8560000000e-11,4.9000000000e+00
2.4450000000e-11,4.9000000000e+00
8.7300000000e-12,4.9000000000e+00
3.2420000000e-11,4.9000000000e+00
1.2860000000e-11,4.9000000000e+00
1.2260000000e-11,4.9000000000e+00
8.8700000000e-12,4.9000000000e+00
3.4400000000e-11,4.9000000000e+00
3.9090000000e-11,4.9000000000e+00
2.2070000000e-11,4.9000000000e+00
5.2160000000e-11,4.9000000000e+00
5.2390000000e-11,4.9000000000e+00
9.1650000000e-11,4.9000000000e+00
1.7090000000e-11,4.9000000000e+00
1.0360000000e-11,4.9000000000e+00
2.5910000000e-11,4.9000000000e+00
5.2320000000e-11,4.9000000000e+00
7.5780000000e-11,4.9000000000e+00
3.0101000000e-10,4.9000000000e+00
7.2770000000e-11,4.9000000000e+00
7.2020000000e-11,4.9000000000e+00
6.8260000000e-11,4.9000000000e+00
5.0490000000e-11,4.9000000000e+00
7.4870000000e-11,4.9000000000e+00
6.3700000000e-11,4.9000000000e+00
2.0230000000e-11,4.9000000000e+00
3.4200000000e-12,4.9000000000e+00
3.5110000000e-11,4.9000000000e+00
3.4240000000e-11,4.9000000000e+00
6.8370000000e-11,4.9000000000e+00
2.7033000000e-10,4.9000000000e+00
6.4540000000e-11,4.9000000000e+00
2.9291000000e-10,4.9000000000e+00
2.1110000000e-11,4.9000000000e+00
5.3620000000e-11,4.9000000000e+00
6.3050000000e-11,4.9000000000e+00
2.8106000000e-10,5.0000000000e+00
2.5892000000e-10,5.0000000000e+00
2.4469000000e-10,5.0000000000e+00
2.5048000000e-10,5.0000000000e+00
6.2860000000e-11,5.0000000000e+00
3.0758000000e-10,5.0000000000e+00
3.0120000000e-10,5.0000000000e+00
2.8504000000e-10,5.0000000000e+00
3.0154000000e-10,5.0000000000e+00
2.5034000000e-10,5.0000000000e+00
2.3281000000e-10,5.0000000000e+00
2.9662000000e-10,5.0000000000e+00
2.8335000000e-10,5.0000000000e+00
3.0244000000e-10,5.0000000000e+00
2.3415000000e-10,5.0000000000e+00
3.0451000000e-10,5.0000000000e+00
3.0517000000e-10,5.0000000000e+00
3.0987000000e-10,5.0000000000e+00
3.0332000000e-10,5.0000000000e+00
2.2947000000e-10,5.0000000000e+00
1.9646000000e-10,5.0000000000e+00
1.8049000000e-10,5.0000000000e+00
2.3930000000e-10,5.0000000000e+00
1.3796000000e-10,5.0000000000e+00
1.1736000000e-10,5.0000000000e+00
1.7816000000e-10,5.0000000000e+00
1.7363000000e-10,5.0000000000e+00
5.0800000000e-11,5.0000000000e+00
2.5380000000e-11,5.0000000000e+00
6.9600000000e-12,5.0000000000e+00
2.2770000000e-11,5.0000000000e+00
2.2870000000e-11,5.0000000000e+00
2.5380000000e-11,5.0000000000e+00
1.9200000000e-11,5.0000000000e+00
2.1480000000e-11,5.0000000000e+00
1.9310000000e-11,5.0000000000e+00
2.5950000000e-11,5.0000000000e+00
2.1050000000e-11,5.0000000000e+00
1.8700000000e-12,5.0000000000e+00
9.9400000000e-12,5.0000000000e+00
1.0650000000e-11,5.0000000000e+00
1.1370000000e-11,5.0000000000e+00
3.1601000000e-10,5.0000000000e+00
2.9411000000e-10,5.0000000000e+00
2.7790000000e-10,5.0000000000e+00
9.6890000000e-11,5.0000000000e+00
2.4107000000e-10,5.0000000000e+00
2.2572000000e-10,5.0000000000e+00
1.9981000000e-10,5.0000000000e+00
1.8180000000e-10,5.0000000000e+00
1.6278000000e-10,5.0000000000e+00
